text,label
2 girls 1 cup,Hate-Speech
4r5e,Hate-Speech
5h1t,Hate-Speech
5hit,Hate-Speech
a_s_s,Hate-Speech
a55,Hate-Speech
Ammu Ammupappa குடுத்துட்டாங்கம்மா கொடுத்துட்டாங்க ,Non-Hate-Speech
anal,Hate-Speech
anus,Hate-Speech
apeshit,Hate-Speech
ar5e,Hate-Speech
arrse,Hate-Speech
arse,Hate-Speech
arsehole,Hate-Speech
ass,Hate-Speech
asses,Hate-Speech
assfucker,Hate-Speech
ass-fucker,Hate-Speech
assfukka,Hate-Speech
asshole,Hate-Speech
assholes,Hate-Speech
assmunch,Hate-Speech
asswhole,Hate-Speech
b!tch,Hate-Speech
b00bs,Hate-Speech
b17ch,Hate-Speech
b1tch,Hate-Speech
ball gag,Hate-Speech
ball kicking,Hate-Speech
ball licking,Hate-Speech
ball sack,Hate-Speech
ball sucking,Hate-Speech
ballbag,Hate-Speech
balls,Hate-Speech
ballsack,Hate-Speech
bangbros,Hate-Speech
bangbus,Hate-Speech
bareback,Hate-Speech
barely legal,Hate-Speech
barenaked,Hate-Speech
bastard,Hate-Speech
bastard,Hate-Speech
bastardo,Hate-Speech
bastinado,Hate-Speech
bbw,Hate-Speech
bdsm,Hate-Speech
beaner,Hate-Speech
beaners,Hate-Speech
beastial,Hate-Speech
beastiality,Hate-Speech
beastiality,Hate-Speech
beaver cleaver,Hate-Speech
beaver lips,Hate-Speech
bellend,Hate-Speech
bestial,Hate-Speech
bestiality,Hate-Speech
bestiality,Hate-Speech
bi+ch,Hate-Speech
biatch,Hate-Speech
big black,Hate-Speech
big breasts,Hate-Speech
big knockers,Hate-Speech
big tits,Hate-Speech
bimbos,Hate-Speech
birdlock,Hate-Speech
bitch,Hate-Speech
bitch,Hate-Speech
bitcher,Hate-Speech
bitchers,Hate-Speech
bitches,Hate-Speech
bitches,Hate-Speech
bitchin,Hate-Speech
bitching,Hate-Speech
black cock,Hate-Speech
blonde action,Hate-Speech
blonde on blonde action,Hate-Speech
bloody,Hate-Speech
blow job,Hate-Speech
blow your load,Hate-Speech
blowjob,Hate-Speech
blowjob,Hate-Speech
blowjobs,Hate-Speech
blue waffle,Hate-Speech
blumpkin,Hate-Speech
boiolas,Hate-Speech
bollock,Hate-Speech
bollocks,Hate-Speech
bollok,Hate-Speech
bondage,Hate-Speech
boner,Hate-Speech
boner,Hate-Speech
boob,Hate-Speech
boob,Hate-Speech
boobs,Hate-Speech
boobs,Hate-Speech
booobs,Hate-Speech
boooobs,Hate-Speech
booooobs,Hate-Speech
booooooobs,Hate-Speech
booty call,Hate-Speech
breasts,Hate-Speech
brown showers,Hate-Speech
brunette action,Hate-Speech
buceta,Hate-Speech
bugger,Hate-Speech
bukkake,Hate-Speech
bulldyke,Hate-Speech
bullet vibe,Hate-Speech
bullshit,Hate-Speech
bum,Hate-Speech
bung hole,Hate-Speech
bunghole,Hate-Speech
busty,Hate-Speech
butt,Hate-Speech
butt,Hate-Speech
buttcheeks,Hate-Speech
butthole,Hate-Speech
butthole,Hate-Speech
buttmuch,Hate-Speech
buttplug,Hate-Speech
c0ck,Hate-Speech
c0cksucker,Hate-Speech
camel toe,Hate-Speech
camgirl,Hate-Speech
camslut,Hate-Speech
camwhore,Hate-Speech
carpet muncher,Hate-Speech
carpetmuncher,Hate-Speech
cawk,Hate-Speech
chink,Hate-Speech
chocolate rosebuds,Hate-Speech
cialis,Hate-Speech
cipa,Hate-Speech
circlejerk,Hate-Speech
cl1t,Hate-Speech
cleveland steamer,Hate-Speech
clit,Hate-Speech
clit,Hate-Speech
clitoris,Hate-Speech
clitoris,Hate-Speech
clits,Hate-Speech
clover clamps,Hate-Speech
clusterfuck,Hate-Speech
cnut,Hate-Speech
cock,Hate-Speech
cock,Hate-Speech
cockface,Hate-Speech
cockhead,Hate-Speech
cockmunch,Hate-Speech
cockmuncher,Hate-Speech
cocks,Hate-Speech
cocks,Hate-Speech
cocksuck,Hate-Speech
cocksucked,Hate-Speech
cocksucker,Hate-Speech
cock-sucker,Hate-Speech
cocksucking,Hate-Speech
cocksucks,Hate-Speech
cocksuka,Hate-Speech
cocksukka,Hate-Speech
cok,Hate-Speech
cokmuncher,Hate-Speech
coksucka,Hate-Speech
coon,Hate-Speech
coon,Hate-Speech
coons,Hate-Speech
coprolagnia,Hate-Speech
coprophilia,Hate-Speech
cornhole,Hate-Speech
cox,Hate-Speech
crap,Hate-Speech
creampie,Hate-Speech
cum,Hate-Speech
cum,Hate-Speech
cummer,Hate-Speech
cumming,Hate-Speech
cumming,Hate-Speech
cums,Hate-Speech
cumshot,Hate-Speech
cumshot,Hate-Speech
cumshots,Hate-Speech
cunilingus,Hate-Speech
cunillingus,Hate-Speech
cunnilingus,Hate-Speech
cunnilingus,Hate-Speech
cunt,Hate-Speech
cunt,Hate-Speech
cuntlick,Hate-Speech
cuntlicker,Hate-Speech
cuntlicking,Hate-Speech
cunts,Hate-Speech
cyalis,Hate-Speech
cyberfuc,Hate-Speech
cyberfuck,Hate-Speech
cyberfucked,Hate-Speech
cyberfucker,Hate-Speech
cyberfuckers,Hate-Speech
cyberfucking,Hate-Speech
d1ck,Hate-Speech
damn,Hate-Speech
darkie,Hate-Speech
date rape,Hate-Speech
daterape,Hate-Speech
deep throat,Hate-Speech
deepthroat,Hate-Speech
dendrophilia,Hate-Speech
dhandachoru,Hate-Speech
dick,Hate-Speech
dick,Hate-Speech
dickhead,Hate-Speech
dildo,Hate-Speech
dildo,Hate-Speech
dildos,Hate-Speech
dingleberries,Hate-Speech
dingleberry,Hate-Speech
dink,Hate-Speech
dinks,Hate-Speech
dirsa,Hate-Speech
dirty pillows,Hate-Speech
dirty sanchez,Hate-Speech
dlck,Hate-Speech
dog style,Hate-Speech
dog-fucker,Hate-Speech
doggie style,Hate-Speech
doggiestyle,Hate-Speech
doggin,Hate-Speech
dogging,Hate-Speech
doggy style,Hate-Speech
doggystyle,Hate-Speech
dolcett,Hate-Speech
domination,Hate-Speech
dominatrix,Hate-Speech
dommes,Hate-Speech
donkey punch,Hate-Speech
donkeyribber,Hate-Speech
doosh,Hate-Speech
double dong,Hate-Speech
double penetration,Hate-Speech
dp action,Hate-Speech
dry hump,Hate-Speech
duche,Hate-Speech
dvda,Hate-Speech
dyke,Hate-Speech
eat my ass,Hate-Speech
ecchi,Hate-Speech
edhavadhu asingama kekuradhukulla odi poidu,Hate-Speech
ejaculate,Hate-Speech
ejaculated,Hate-Speech
ejaculates,Hate-Speech
ejaculating,Hate-Speech
ejaculatings,Hate-Speech
ejaculation,Hate-Speech
ejaculation,Hate-Speech
ejakulate,Hate-Speech
erotic,Hate-Speech
erotism,Hate-Speech
eruma ,Hate-Speech
eruma maadu,Hate-Speech
escort,Hate-Speech
eunuch,Hate-Speech
f_u_c_k,Hate-Speech
f4nny,Hate-Speech
fag,Hate-Speech
fag,Hate-Speech
fagging,Hate-Speech
faggitt,Hate-Speech
faggot,Hate-Speech
faggot,Hate-Speech
faggs,Hate-Speech
fagot,Hate-Speech
fagots,Hate-Speech
fags,Hate-Speech
fanny,Hate-Speech
fannyflaps,Hate-Speech
fannyfucker,Hate-Speech
fanyy,Hate-Speech
fatass,Hate-Speech
fcuk,Hate-Speech
fcuker,Hate-Speech
fcuking,Hate-Speech
fecal,Hate-Speech
feck,Hate-Speech
fecker,Hate-Speech
felch,Hate-Speech
felching,Hate-Speech
fellate,Hate-Speech
fellatio,Hate-Speech
fellatio,Hate-Speech
feltch,Hate-Speech
female squirting,Hate-Speech
femdom,Hate-Speech
figging,Hate-Speech
fingerbang,Hate-Speech
fingerfuck,Hate-Speech
fingerfucked,Hate-Speech
fingerfucker,Hate-Speech
fingerfuckers,Hate-Speech
fingerfucking,Hate-Speech
fingerfucks,Hate-Speech
fingering,Hate-Speech
fistfuck,Hate-Speech
fistfucked,Hate-Speech
fistfucker,Hate-Speech
fistfuckers,Hate-Speech
fistfucking,Hate-Speech
fistfuckings,Hate-Speech
fistfucks,Hate-Speech
fisting,Hate-Speech
flange,Hate-Speech
fook,Hate-Speech
fooker,Hate-Speech
foot fetish,Hate-Speech
footjob,Hate-Speech
frotting,Hate-Speech
fuck,Hate-Speech
fuck,Hate-Speech
fuck buttons,Hate-Speech
fucka,Hate-Speech
fucked,Hate-Speech
fucker,Hate-Speech
fucker,Hate-Speech
fuckers,Hate-Speech
fuckhead,Hate-Speech
fuckheads,Hate-Speech
fuckin,Hate-Speech
fuckin,Hate-Speech
fucking,Hate-Speech
fucking,Hate-Speech
fuckings,Hate-Speech
fuckingshitmotherfucker,Hate-Speech
fuckme,Hate-Speech
fucks,Hate-Speech
fucktards,Hate-Speech
fuckwhit,Hate-Speech
fuckwit,Hate-Speech
fudge packer,Hate-Speech
fudgepacker,Hate-Speech
fudgepacker,Hate-Speech
fuk,Hate-Speech
fuker,Hate-Speech
fukker,Hate-Speech
fukkin,Hate-Speech
fuks,Hate-Speech
fukwhit,Hate-Speech
fukwit,Hate-Speech
futanari,Hate-Speech
fux,Hate-Speech
fux0r,Hate-Speech
Gamer trying to reply in a decent way என் மதத்தில் கூறியுள்ள அனைத்தையும் நான் எடுத்துக்கொள்ள வேண்டும் என்ற அவசியம் எனக்கு இல்லை... பல விஷயங்களில் எ‌ன்னுடைய சுய பகுத்தறிவே போதுமானது நண்பரே 🙂,Non-Hate-Speech
ganesh Sakthi என்னா பண்றிக,Non-Hate-Speech
gang bang,Hate-Speech
gangbang,Hate-Speech
gangbang,Hate-Speech
gangbanged,Hate-Speech
gangbangs,Hate-Speech
gay sex,Hate-Speech
gaylord,Hate-Speech
gaysex,Hate-Speech
genitals,Hate-Speech
giant cock,Hate-Speech
girl on,Hate-Speech
girl on top,Hate-Speech
girls gone wild,Hate-Speech
goatcx,Hate-Speech
goatse,Hate-Speech
goatse,Hate-Speech
God,Hate-Speech
god damn,Hate-Speech
god-dam,Hate-Speech
goddamn,Hate-Speech
goddamned,Hate-Speech
god-damned,Hate-Speech
gokkun,Hate-Speech
golden shower,Hate-Speech
goo girl,Hate-Speech
goodpoop,Hate-Speech
goregasm,Hate-Speech
grope,Hate-Speech
group sex,Hate-Speech
g-spot,Hate-Speech
guro,Hate-Speech
hand job,Hate-Speech
handjob,Hate-Speech
hard core,Hate-Speech
hardcore,Hate-Speech
hardcoresex,Hate-Speech
hell,Hate-Speech
hentai,Hate-Speech
heshe,Hate-Speech
hoar,Hate-Speech
hoare,Hate-Speech
hoer,Hate-Speech
homo,Hate-Speech
homoerotic,Hate-Speech
honkey,Hate-Speech
hooker,Hate-Speech
hore,Hate-Speech
horniest,Hate-Speech
horny,Hate-Speech
horny,Hate-Speech
hot carl,Hate-Speech
hot chick,Hate-Speech
hotsex,Hate-Speech
how to kill,Hate-Speech
how to murder,Hate-Speech
huge fat,Hate-Speech
humping,Hate-Speech
I hate you,Hate-Speech
incest,Hate-Speech
intercourse,Hate-Speech
jack off,Hate-Speech
jackoff,Hate-Speech
jack-off,Hate-Speech
jail bait,Hate-Speech
jailbait,Hate-Speech
jap,Hate-Speech
jelly donut,Hate-Speech
jerk off,Hate-Speech
jerk-off,Hate-Speech
jigaboo,Hate-Speech
jiggaboo,Hate-Speech
jiggerboo,Hate-Speech
jism,Hate-Speech
jiz,Hate-Speech
jizm,Hate-Speech
jizz,Hate-Speech
jizz,Hate-Speech
juggs,Hate-Speech
kawk,Hate-Speech
kike,Hate-Speech
kinbaku,Hate-Speech
kinkster,Hate-Speech
kinky,Hate-Speech
knob,Hate-Speech
knobbing,Hate-Speech
knobead,Hate-Speech
knobed,Hate-Speech
knobend,Hate-Speech
knobhead,Hate-Speech
knobjocky,Hate-Speech
knobjokey,Hate-Speech
kock,Hate-Speech
kondum,Hate-Speech
kondums,Hate-Speech
kum,Hate-Speech
kummer,Hate-Speech
kumming,Hate-Speech
kums,Hate-Speech
kunilingus,Hate-Speech
l3i+ch,Hate-Speech
l3itch,Hate-Speech
labia,Hate-Speech
leather restraint,Hate-Speech
leather straight jacket,Hate-Speech
lemon party,Hate-Speech
livesex,Hate-Speech
lmfao,Hate-Speech
lolita,Hate-Speech
lovemaking,Hate-Speech
lust,Hate-Speech
lusting,Hate-Speech
m0f0,Hate-Speech
m0fo,Hate-Speech
m45terbate,Hate-Speech
ma5terb8,Hate-Speech
ma5terbate,Hate-Speech
make me come,Hate-Speech
male squirting,Hate-Speech
masochist,Hate-Speech
masterb8,Hate-Speech
masterbat*,Hate-Speech
masterbat3,Hate-Speech
masterbate,Hate-Speech
master-bate,Hate-Speech
masterbation,Hate-Speech
masterbations,Hate-Speech
masturbate,Hate-Speech
masturbate,Hate-Speech
masturbating,Hate-Speech
masturbation,Hate-Speech
menage a trois,Hate-Speech
milf,Hate-Speech
missionary position,Hate-Speech
mof0,Hate-Speech
mofo,Hate-Speech
mo-fo,Hate-Speech
mong,Hate-Speech
mothafuck,Hate-Speech
mothafucka,Hate-Speech
mothafuckas,Hate-Speech
mothafuckaz,Hate-Speech
mothafucked,Hate-Speech
mothafucker,Hate-Speech
mothafuckers,Hate-Speech
mothafuckin,Hate-Speech
mothafucking,Hate-Speech
mothafuckings,Hate-Speech
mothafucks,Hate-Speech
motherfuck,Hate-Speech
motherfucked,Hate-Speech
motherfucker,Hate-Speech
motherfucker,Hate-Speech
motherfucker,Hate-Speech
motherfuckers,Hate-Speech
motherfuckin,Hate-Speech
motherfucking,Hate-Speech
motherfuckings,Hate-Speech
motherfuckka,Hate-Speech
motherfucks,Hate-Speech
mound of venus,Hate-Speech
mr hands,Hate-Speech
muff,Hate-Speech
muff diver,Hate-Speech
muffdiving,Hate-Speech
mutha,Hate-Speech
muthafecker,Hate-Speech
muthafuckker,Hate-Speech
muther,Hate-Speech
mutherfucker,Hate-Speech
n1gga,Hate-Speech
n1gger,Hate-Speech
nambla,Hate-Speech
nawashi,Hate-Speech
nazi,Hate-Speech
negro,Hate-Speech
neonazi,Hate-Speech
nig nog,Hate-Speech
nigg3r,Hate-Speech
nigg4h,Hate-Speech
nigga,Hate-Speech
nigga,Hate-Speech
nigga,Hate-Speech
niggah,Hate-Speech
niggas,Hate-Speech
niggaz,Hate-Speech
nigger,Hate-Speech
nigger,Hate-Speech
niggers,Hate-Speech
nimphomania,Hate-Speech
nipple,Hate-Speech
nipples,Hate-Speech
nob,Hate-Speech
nobhead,Hate-Speech
nobjocky,Hate-Speech
nobjokey,Hate-Speech
nsfw,Hate-Speech
nsfw images,Hate-Speech
nude,Hate-Speech
nudity,Hate-Speech
numbnuts,Hate-Speech
nutsack,Hate-Speech
nutten,Hate-Speech
nympho,Hate-Speech
nymphomania,Hate-Speech
octopussy,Hate-Speech
omorashi,Hate-Speech
one cup two girls,Hate-Speech
one guy one jar,Hate-Speech
orgasim,Hate-Speech
orgasims,Hate-Speech
orgasm,Hate-Speech
orgasm,Hate-Speech
orgasms,Hate-Speech
orgy,Hate-Speech
p0rn,Hate-Speech
paedophile,Hate-Speech
paki,Hate-Speech
panties,Hate-Speech
panty,Hate-Speech
pawn,Hate-Speech
pecker,Hate-Speech
pedobear,Hate-Speech
pedophile,Hate-Speech
pegging,Hate-Speech
penis,Hate-Speech
penis,Hate-Speech
penisfucker,Hate-Speech
phone sex,Hate-Speech
phonesex,Hate-Speech
phuck,Hate-Speech
phuk,Hate-Speech
phuked,Hate-Speech
phuking,Hate-Speech
phukked,Hate-Speech
phukking,Hate-Speech
phuks,Hate-Speech
phuq,Hate-Speech
piece of shit,Hate-Speech
pigfucker,Hate-Speech
pikey,Hate-Speech
pimpis,Hate-Speech
piss,Hate-Speech
piss pig,Hate-Speech
pissed,Hate-Speech
pisser,Hate-Speech
pissers,Hate-Speech
pisses,Hate-Speech
pissflaps,Hate-Speech
pissin,Hate-Speech
pissing,Hate-Speech
pissing,Hate-Speech
pissoff,Hate-Speech
pisspig,Hate-Speech
playboy,Hate-Speech
pleasure chest,Hate-Speech
Poda panni,Hate-Speech
pole smoker,Hate-Speech
ponyplay,Hate-Speech
poof,Hate-Speech
poon,Hate-Speech
poontang,Hate-Speech
poop,Hate-Speech
poop chute,Hate-Speech
poopchute,Hate-Speech
porn,Hate-Speech
porn,Hate-Speech
porno,Hate-Speech
porno,Hate-Speech
pornography,Hate-Speech
pornography,Hate-Speech
pornos,Hate-Speech
prick,Hate-Speech
pricks,Hate-Speech
prince albert piercing,Hate-Speech
pron,Hate-Speech
pthc,Hate-Speech
pube,Hate-Speech
pubes,Hate-Speech
punany,Hate-Speech
pusse,Hate-Speech
pussi,Hate-Speech
pussies,Hate-Speech
pussy,Hate-Speech
pussy,Hate-Speech
pussys,Hate-Speech
queaf,Hate-Speech
queef,Hate-Speech
quim,Hate-Speech
raghead,Hate-Speech
raging boner,Hate-Speech
rape,Hate-Speech
raping,Hate-Speech
rapist,Hate-Speech
rectum,Hate-Speech
rectum,Hate-Speech
retard,Hate-Speech
reverse cowgirl,Hate-Speech
rimjaw,Hate-Speech
rimjob,Hate-Speech
rimming,Hate-Speech
rimming,Hate-Speech
rosy palm,Hate-Speech
rosy palm and her 5 sisters,Hate-Speech
rusty trombone,Hate-Speech
s&m,Hate-Speech
s.o.b.,Hate-Speech
s_h_i_t,Hate-Speech
saavu,Hate-Speech
sadism,Hate-Speech
sadist,Hate-Speech
saniyane,Hate-Speech
santorum,Hate-Speech
scat,Hate-Speech
schlong,Hate-Speech
schlong,Hate-Speech
scissoring,Hate-Speech
screwing,Hate-Speech
scroat,Hate-Speech
scrote,Hate-Speech
scrotum,Hate-Speech
semen,Hate-Speech
semen,Hate-Speech
sex,Hate-Speech
sex,Hate-Speech
sexcam,Hate-Speech
sexo,Hate-Speech
sexual,Hate-Speech
sexuality,Hate-Speech
sexually,Hate-Speech
sexy,Hate-Speech
sh!+,Hate-Speech
sh!t,Hate-Speech
sh1t,Hate-Speech
shag,Hate-Speech
shagger,Hate-Speech
shaggin,Hate-Speech
shagging,Hate-Speech
shaved beaver,Hate-Speech
shaved pussy,Hate-Speech
shemale,Hate-Speech
shemale,Hate-Speech
shi+,Hate-Speech
shibari,Hate-Speech
shit,Hate-Speech
shit,Hate-Speech
shitblimp,Hate-Speech
shitdick,Hate-Speech
shite,Hate-Speech
shited,Hate-Speech
shitey,Hate-Speech
shitfuck,Hate-Speech
shitfull,Hate-Speech
shithead,Hate-Speech
shiting,Hate-Speech
shitings,Hate-Speech
shits,Hate-Speech
shitted,Hate-Speech
shitter,Hate-Speech
shitters,Hate-Speech
shitting,Hate-Speech
shittings,Hate-Speech
shitty,Hate-Speech
shitty,Hate-Speech
shota,Hate-Speech
shrimping,Hate-Speech
shut the fuck up,Hate-Speech
shut up,Hate-Speech
skank,Hate-Speech
skeet,Hate-Speech
slanteye,Hate-Speech
slut,Hate-Speech
slut,Hate-Speech
sluts,Hate-Speech
smegma,Hate-Speech
smut,Hate-Speech
smut,Hate-Speech
snatch,Hate-Speech
snatch,Hate-Speech
snowballing,Hate-Speech
sodomize,Hate-Speech
sodomy,Hate-Speech
son-of-a-bitch,Hate-Speech
sotha dhaana thingura,Hate-Speech
spac,Hate-Speech
spastic,Hate-Speech
spic,Hate-Speech
splooge,Hate-Speech
splooge moose,Hate-Speech
spooge,Hate-Speech
spread legs,Hate-Speech
spunk,Hate-Speech
spunk,Hate-Speech
strap on,Hate-Speech
strapon,Hate-Speech
strappado,Hate-Speech
strip club,Hate-Speech
style doggy,Hate-Speech
suck,Hate-Speech
sucks,Hate-Speech
suicide girls,Hate-Speech
sultry women,Hate-Speech
swastika,Hate-Speech
swinger,Hate-Speech
t1tt1e5,Hate-Speech
t1tties,Hate-Speech
tainted love,Hate-Speech
taste my,Hate-Speech
tea bagging,Hate-Speech
teets,Hate-Speech
teez,Hate-Speech
testical,Hate-Speech
testicle,Hate-Speech
text,label
threesome,Hate-Speech
throating,Hate-Speech
thumbzilla,Hate-Speech
tied up,Hate-Speech
tight white,Hate-Speech
tit,Hate-Speech
tit,Hate-Speech
titfuck,Hate-Speech
tits,Hate-Speech
tits,Hate-Speech
titt,Hate-Speech
tittie5,Hate-Speech
tittiefucker,Hate-Speech
titties,Hate-Speech
titties,Hate-Speech
titty,Hate-Speech
tittyfuck,Hate-Speech
tittywank,Hate-Speech
titwank,Hate-Speech
tongue in a,Hate-Speech
topless,Hate-Speech
tosser,Hate-Speech
tosser,Hate-Speech
towelhead,Hate-Speech
tranny,Hate-Speech
tribadism,Hate-Speech
tub girl,Hate-Speech
tubgirl,Hate-Speech
turd,Hate-Speech
tushy,Hate-Speech
tw4t,Hate-Speech
twat,Hate-Speech
twat,Hate-Speech
twathead,Hate-Speech
twatty,Hate-Speech
twink,Hate-Speech
twinkie,Hate-Speech
two girls one cup,Hate-Speech
twunt,Hate-Speech
twunter,Hate-Speech
undressing,Hate-Speech
upskirt,Hate-Speech
urethra play,Hate-Speech
urophilia,Hate-Speech
v14gra,Hate-Speech
v1gra,Hate-Speech
vagina,Hate-Speech
vagina,Hate-Speech
venus mound,Hate-Speech
viagra,Hate-Speech
viagra,Hate-Speech
vibrator,Hate-Speech
violet wand,Hate-Speech
vorarephilia,Hate-Speech
voyeur,Hate-Speech
voyeurweb,Hate-Speech
voyuer,Hate-Speech
vulva,Hate-Speech
vulva,Hate-Speech
w00se,Hate-Speech
wang,Hate-Speech
wank,Hate-Speech
wank,Hate-Speech
wanker,Hate-Speech
wanky,Hate-Speech
wet dream,Hate-Speech
wetback,Hate-Speech
white power,Hate-Speech
whoar,Hate-Speech
whore,Hate-Speech
whore,Hate-Speech
willies,Hate-Speech
willy,Hate-Speech
worldsex,Hate-Speech
wrapping men,Hate-Speech
wrinkled starfish,Hate-Speech
xrated,Hate-Speech
xx,Hate-Speech
xx,Hate-Speech
xxx,Hate-Speech
yaoi,Hate-Speech
yellow showers,Hate-Speech
yiffy,Hate-Speech
zoophilia,Hate-Speech
அருமை நண்பா ,Non-Hate-Speech
அனைவருக்கும் வணக்கம் தமிழ்   பேசுவோம்.. ஆணும் பெண்ணும் கல்யாணம் பண்ணனும் சொல்ற எல்லாருக்கும் ஒரு விஷயம் தெரிஞ்சுனும் உங்களுக்கு யார் இதை சொன்னாங்க... ச*** பண்றது எப்படின்னு சொல்லிக் கொடுத்தாங்களா.. யாருக்கு யாரும் சொல்லிக் கொடுப்பதில்லை யாருக்கு யார் மேல் காதல் வருவது என்று தெரியவில்லை ஆணும் பெண்ணும் தான் வாழ வேண்டுமென்றால் அதர்ஷ் பிபிள் எல்லாம் செத்துப்போவனுமா,Non-Hate-Speech
இது ஒரு மன நோயாளி நீ சொன்ன எல்லாத்துக்கும் தண்டனை உண்டு சட்டப்படி குற்றம் அதை இதோடு செற்காத முட்டாள்  எந்த மதத்திலும் இல்லை என்றால் மதத்தை உருவாக்கின யார் என்று எல்லாத்தையு யார் உருவாக்கினாங்க என்று கேட்டால் முடிவே இறிக்காது ஆதிகால மக்கள் இதல்லாம் செய்து தவறு  என்று அறிந்து வளர வளர தவறு களை கலைந்துதான் இந்த இடத்துக்கு வந்திருக்கிறார்கள் அப்போ பழமை காலம் போல் எல்லாரும் எல்லோருடனும் உஉறவு வைத்துக் கொள்ளலாமே மிருகம் இனப் பெருக்கத்துக்கு பாலியல் வைக்கிது அதே போல் மனிதனும் பாலியல் வைத்திட்டு போகலாமே என்று முட்டாள் தனமா கேற்கிறால் மிருகம் பிறந்தவுடனே நடக்க துடங்கும் அதுதான் இயற்கை மனிதன் பிறந்தவுடன் நடக்க மாட்டான் முட்டாள் பதில்கள் இந்த இனங்களுக்கு இறைவன் நம்பிக்கை இருக்காது காரணம் கடவுளை படைத்தது யார் என்று கேட்பானு(ளு)ங்க இப்படியே கேட்டுட்டு போனால் முடிவே இருக்காது அப்போ இறைவன் அனைவரையும் ஆணாகவோ பெண்ணாகவோ படைத்து இருக்கலாமே இது இயற்கைக்கு புறம்பானது,Hate-Speech
இந்திய ஒன்றியம் கிறித்தவ நாடு இல்லை! மதசார்பற்ற நாடு,Non-Hate-Speech
"இந்தியா ல பல நூற்றாண்டுகளுக்கு முன்பே இருந்த விஷயம், ஆழ்வார்கள் ல ஒருத்தர் இத பத்தி பாடல் எழுதி இருக்கார், கோவில் சிற்பங்கள் ல இருக்கு. வெள்ளையர்கள் தான் இத எதிராக பார்த்தாங்க, அதுக்கு அப்புறம் அவங்களே ஏத்துக்கிட்டாங்க,நாம இப்ப தான் அங்கிகாரம் குடுத்து இருக்கோம், இதையும் இந்த பைத்தியங்க எதிர்க்குதுங்க",Non-Hate-Speech
இறைவனின் மறுபிறவி மனித மிருகங்களால் எந்த தொல்லை வந்தாலும் அதை தாங்கிக்கொண்டு வாழ்கை நடத்தும் திருநங்கை எல்லாம் இறைவனின் திருவிளையாடல்.,Non-Hate-Speech
எருமையே நீ இங்கே வா,Hate-Speech
ஐயப்பன் பிறப்பை ஆதரிக்கின்றவர்கள் ஏன் இதை கொச்சை,Non-Hate-Speech
ஒருசிலர் குடும்பத்தில் கவனிக்கப்படாத சிறுவர்களை தன் போக்கில் போய்க் கொண்டிருப்பார்கள் அப்போது அவர்கள் அன்பை தேடும் பொழுது அது பெண்களிடம் மட்டும் தான் அறிந்து கொள்ள முடியும் அவ்வாறு இருக்கும் சிறுவர்களுக்கு அந்தப் பெண்ணுடைய அணிந்து பார்ப்பதற்கு ஆர்வமாக இருக்கும் ஒருசில மாற்றங்கள் ஏற்படும் ஆண்கள் இச்சைக்காக எத்தனையோ சிறுவர்களை பாலியல் பண்ணிக் கொண்டுதான் இருக்கிறார்கள் அந்த சிறுவர்கள் மணக்கோலத்தில் இருப்பார்கள் அவர்களில் ஒரு வயதுக்குப் பின் உணர்ந்து கொள்வார்கள்,Non-Hate-Speech
சங்கிகளை எதிர்க்கும் குயர்கள்,Non-Hate-Speech
சமுதாயத்தால் அவர்கள் புறக்கணிக்கப்படும் போது இயலாமையின் வெளிப்பாடாகவே வேறுவழியின்றி இவ்வாறு  நடந்துகொள்கிறார்கள்,Non-Hate-Speech
நா பார்லர் வச்சி இருக்க வாங்க,Non-Hate-Speech
நான் உனக்கு முட்டாளாகத் தெரிகிறேனா,Hate-Speech
நான் உன் முகத்தை உடைப்பேன்,Hate-Speech
நான் உன்னுடன் பிரிந்து செல்ல விரும்புகிறேன்..நரகத்திற்குச் செல்லுங்கள்,Hate-Speech
நான் ஒரு பெண்..... என்னை விட நீங்க அழகு,Non-Hate-Speech
நீ ஒரு சைக்கோ,Hate-Speech
நீ ஒரு முட்டாள்,Hate-Speech
நீ மொத ஆம்பலயா பொம்பலயா அத சொல்லு மூதேவி,Hate-Speech
பப்ளிக்ள போனா உங்கள் மாறி ஆளுங்க violence கெளப்பிட்டு இருப்பீங்கனு தான் அதிகமா வெளிய தல காட்ல போல!,Hate-Speech
மதத்தையும்...சாதியையும் முருக கட்டி பிடித்து கொண்டிருப்பவர்களுக்கு இது தவறு,Non-Hate-Speech
மனித இனம் விரைவில் அழியும்னு சொன்னாங்க . அப்ப நான் நம்பவில்லை . அப்ப புரியவில்லை.இப்ப புரியுது,Hate-Speech
மூதேவி,Hate-Speech
��,Hate-Speech
அதிக,Hate-Speech
இல்லை,Hate-Speech
பொருள்,Hate-Speech
அளவு,Hate-Speech
இறப்பு,Hate-Speech
மட்டும்,Hate-Speech
அறிவியல்,Hate-Speech
குறைந்த,Hate-Speech
இதனை,Hate-Speech
நோய்,Hate-Speech
சிறு,Hate-Speech
பழைய,Hate-Speech
அதிகமாக,Hate-Speech
என்,Hate-Speech
செய்யப்பட்ட,Hate-Speech
நீண்ட,Hate-Speech
விட்டு,Hate-Speech
எண்ணிக்கை,Hate-Speech
அடி,Hate-Speech
துணை,Hate-Speech
தன்மை,Hate-Speech
பணி,Hate-Speech
குறைவான,Hate-Speech
இறுதி,Hate-Speech
சாதாரண,Hate-Speech
இவருக்கு,Hate-Speech
இல்லாத,Hate-Speech
எதிரான,Hate-Speech
போட்டி,Hate-Speech
பரவலாக,Hate-Speech
கடன்,Hate-Speech
விலை,Hate-Speech
தடை,Hate-Speech
பெரிதும்,Hate-Speech
குழந்தை,Hate-Speech
எதிர்ப்பு,Hate-Speech
படை,Hate-Speech
தாக்குதல்,Hate-Speech
எதிர்,Hate-Speech
மறு,Hate-Speech
வழக்கு,Hate-Speech
மாற்று,Hate-Speech
அழுத்தம்,Hate-Speech
பருவ,Hate-Speech
குறுகிய,Hate-Speech
இசையில்,Hate-Speech
கட்டி,Hate-Speech
குற்றம்,Hate-Speech
சண்டை,Hate-Speech
புள்ளி,Hate-Speech
முற்றிலும்,Hate-Speech
கொலை,Hate-Speech
நிறைந்த,Hate-Speech
குறைந்தது,Hate-Speech
புற்றுநோய்,Hate-Speech
அச்சு,Hate-Speech
வரையறை,Hate-Speech
பெருமளவில்,Hate-Speech
கட்டமைப்பு,Hate-Speech
ஆன்,Hate-Speech
இ,Hate-Speech
சார்பு,Hate-Speech
தவறான,Hate-Speech
இறந்த,Hate-Speech
வெளியீடு,Hate-Speech
அட்டை,Hate-Speech
ஏறக்குறைய,Hate-Speech
குறைந்து,Hate-Speech
மாறுபட்ட,Hate-Speech
எல்லை,Hate-Speech
பழமையான,Hate-Speech
பிரிந்து,Hate-Speech
வலி,Hate-Speech
கட்டுப்பாடு,Hate-Speech
அறிகுறிகள்,Hate-Speech
மாறும்,Hate-Speech
போராட்டம்,Hate-Speech
வலை,Hate-Speech
தடுப்பு,Hate-Speech
கூட்டம்,Hate-Speech
அரை,Hate-Speech
அழற்சி,Hate-Speech
சிக்கல்,Hate-Speech
தண்டனை,Hate-Speech
விசை,Hate-Speech
நரம்பு,Hate-Speech
கடுமையாக,Hate-Speech
பாதிக்கப்பட்ட,Hate-Speech
இலக்கு,Hate-Speech
அதிகப்படியான,Hate-Speech
குறைவு,Hate-Speech
காட்டு,Hate-Speech
கட்டற்ற,Hate-Speech
அணை,Hate-Speech
கற்பனை,Hate-Speech
இடைவெளி,Hate-Speech
சிக்கல்கள்,Hate-Speech
வரையறுக்கப்பட்ட,Hate-Speech
குறை,Hate-Speech
சுருக்கம்,Hate-Speech
கண்டி,Hate-Speech
துறைமுகம்,Hate-Speech
மரணம்,Hate-Speech
பனி,Hate-Speech
பிரச்சினை,Hate-Speech
சிறை,Hate-Speech
இயலாத,Hate-Speech
பறவை,Hate-Speech
ஆதாரம்,Hate-Speech
நடத்தை,Hate-Speech
பிழை,Hate-Speech
படுகொலை,Hate-Speech
மெதுவாக,Hate-Speech
கண்டிப்பாக,Hate-Speech
தனித்த,Hate-Speech
குறைபாடு,Hate-Speech
குண்டு,Hate-Speech
பிரச்சினைகள்,Hate-Speech
தவறாக,Hate-Speech
காப்பீடு,Hate-Speech
அடிமை,Hate-Speech
பற்று,Hate-Speech
உடை,Hate-Speech
எதிர்மறை,Hate-Speech
ஆபத்து,Hate-Speech
அறை,Hate-Speech
தீவிரமாக,Hate-Speech
படிக்க,Hate-Speech
வேற்றுமை,Hate-Speech
மறுத்து,Hate-Speech
கிடைக்கவில்லை,Hate-Speech
தடுக்கும்,Hate-Speech
தவறு,Hate-Speech
எண்ணம்,Hate-Speech
நீக்கம்,Hate-Speech
இழந்து,Hate-Speech
தற்கொலை,Hate-Speech
சற்றே,Hate-Speech
வன்முறை,Hate-Speech
வீழ்ச்சி,Hate-Speech
குழப்பம்,Hate-Speech
அணியும்,Hate-Speech
வைரஸ்,Hate-Speech
விமர்சனங்கள்,Hate-Speech
இழந்த,Hate-Speech
இடர்,Hate-Speech
போலி,Hate-Speech
எச்சரிக்கை,Hate-Speech
விமர்சகர்கள்,Hate-Speech
தற்காலிக,Hate-Speech
இறக்கும்,Hate-Speech
சிந்து,Hate-Speech
காய்ச்சல்,Hate-Speech
மாசு,Hate-Speech
பழமை,Hate-Speech
நெருக்கடி,Hate-Speech
ஊழல்,Hate-Speech
தெரியாத,Hate-Speech
ஸ்மித்,Hate-Speech
குறைத்து,Hate-Speech
தற்காலிகமாக,Hate-Speech
கவலை,Hate-Speech
ஏழை,Hate-Speech
விழுப்புரம்,Hate-Speech
கட்டாயம்,Hate-Speech
சாத்தியம்,Hate-Speech
கோபி,Hate-Speech
கண்கள்,Hate-Speech
தீங்கு,Hate-Speech
காயம்,Hate-Speech
பன்றி,Hate-Speech
தனித்து,Hate-Speech
வாதம்,Hate-Speech
எதிர்பாராத,Hate-Speech
பொறி,Hate-Speech
அழிக்க,Hate-Speech
பலதரப்பட்ட,Hate-Speech
பற்றாக்குறை,Hate-Speech
முடிச்சு,Hate-Speech
பலன்,Hate-Speech
கோபம்,Hate-Speech
வறுமை,Hate-Speech
எழுச்சி,Hate-Speech
விளையாட,Hate-Speech
பான்,Hate-Speech
நிழல்,Hate-Speech
சேதம்,Hate-Speech
குறைபாடுகள்,Hate-Speech
வளைவு,Hate-Speech
தாக்குதல்கள்,Hate-Speech
தாக்குதலை,Hate-Speech
தேவையற்ற,Hate-Speech
அவசர,Hate-Speech
கடினம்,Hate-Speech
பிழைகள்,Hate-Speech
வித்தியாசமான,Hate-Speech
புகை,Hate-Speech
துகள்கள்,Hate-Speech
தப்பி,Hate-Speech
அழித்து,Hate-Speech
கழிவு,Hate-Speech
சிதைவு,Hate-Speech
விழும்,Hate-Speech
ஆபத்தான,Hate-Speech
தொன்மையான,Hate-Speech
எதிர்மறையான,Hate-Speech
வீக்கம்,Hate-Speech
திகில்,Hate-Speech
மாறான,Hate-Speech
கீழான,Hate-Speech
அழிவு,Hate-Speech
நச்சு,Hate-Speech
கொடிய,Hate-Speech
குகை,Hate-Speech
இலாபம்,Hate-Speech
திட்டமிட்டு,Hate-Speech
திடீரென,Hate-Speech
கடை,Hate-Speech
கட்டுப்படுத்தப்பட்ட,Hate-Speech
பின்புறம்,Hate-Speech
புகார்,Hate-Speech
ஓரு,Hate-Speech
சர்ச்சை,Hate-Speech
விபத்து,Hate-Speech
உடைத்து,Hate-Speech
பஞ்சம்,Hate-Speech
பொய்,Hate-Speech
ஆசை,Hate-Speech
கடின,Hate-Speech
பிளவு,Hate-Speech
மறுப்பு,Hate-Speech
மறுத்தார்,Hate-Speech
பிரச்சாரம்,Hate-Speech
கவனிக்க,Hate-Speech
ஒவ்வாமை,Hate-Speech
உறை,Hate-Speech
மோசடி,Hate-Speech
புயல்,Hate-Speech
சுமை,Hate-Speech
அழிக்கும்,Hate-Speech
கடமை,Hate-Speech
break,Hate-Speech
துண்டு,Hate-Speech
குளிர்ந்த,Hate-Speech
undefined,Hate-Speech
பாவம்,Hate-Speech
மனநிலை,Hate-Speech
செங்குத்தாக,Hate-Speech
கோளாறு,Hate-Speech
எரி,Hate-Speech
ஹெட்ஜ்,Hate-Speech
தாழ்த்தப்பட்ட,Hate-Speech
விவாதம்,Hate-Speech
துறைமுகங்கள்,Hate-Speech
வளைந்த,Hate-Speech
அச்சம்,Hate-Speech
கொள்ளை,Hate-Speech
வெடிப்பு,Hate-Speech
பேய்,Hate-Speech
பிரச்சனைகள்,Hate-Speech
கேலி,Hate-Speech
காயங்கள்,Hate-Speech
அபாயம்,Hate-Speech
விலக்கு,Hate-Speech
வெளியேற,Hate-Speech
துன்பம்,Hate-Speech
அடர்த்தியான,Hate-Speech
எதிரி,Hate-Speech
இழப்புகள்,Hate-Speech
பன்றிகள்,Hate-Speech
தீவிரவாத,Hate-Speech
இழந்தது,Hate-Speech
மூடப்பட்ட,Hate-Speech
மாறுபாடு,Hate-Speech
கன்னி,Hate-Speech
வாந்தி,Hate-Speech
மனு,Hate-Speech
பாகுபாடு,Hate-Speech
செங்குத்தான,Hate-Speech
மந்த,Hate-Speech
சர்ச்சைக்குரிய,Hate-Speech
முற்றுகை,Hate-Speech
தலைவலி,Hate-Speech
புண்,Hate-Speech
பயம்,Hate-Speech
கலகம்,Hate-Speech
முறிவு,Hate-Speech
சேகரிப்பு,Hate-Speech
எதிரிகள்,Hate-Speech
திறனாய்வு,Hate-Speech
கெட்ட,Hate-Speech
இருண்ட,Hate-Speech
இடையூறு,Hate-Speech
முரண்பாடு,Hate-Speech
தவறுதலாக,Hate-Speech
கண்டனம்,Hate-Speech
பொம்மை,Hate-Speech
வஞ்சி,Hate-Speech
பிரிவினை,Hate-Speech
குஞ்சு,Hate-Speech
அருமையான,Hate-Speech
மயக்கம்,Hate-Speech
நிலையற்ற,Hate-Speech
சண்டையின்,Hate-Speech
அன்புடன்,Hate-Speech
சத்தம்,Hate-Speech
சதி,Hate-Speech
குற்றங்கள்,Hate-Speech
சந்தேகம்,Hate-Speech
மெதுவான,Hate-Speech
இழுத்து,Hate-Speech
சித்திரவதை,Hate-Speech
செயலிழப்பு,Hate-Speech
ஒழிப்பு,Hate-Speech
அதிர்ச்சி,Hate-Speech
அதிர்வு,Hate-Speech
திட்டமிடப்பட்டது,Hate-Speech
ஆக்கிரமிப்பு,Hate-Speech
மறைமுகமாக,Hate-Speech
புறம்பான,Hate-Speech
நீர்வீழ்ச்சி,Hate-Speech
அறிகுறி,Hate-Speech
தாமதம்,Hate-Speech
நானே,Hate-Speech
சரிவு,Hate-Speech
எதிர்க்க,Hate-Speech
தவறுகள்,Hate-Speech
டிக்,Hate-Speech
ஒழுங்கற்ற,Hate-Speech
பேரழிவு,Hate-Speech
இறுக்கமான,Hate-Speech
அதிகப்படியாக,Hate-Speech
நஞ்சு,Hate-Speech
கேடு,Hate-Speech
பின்தங்கிய,Hate-Speech
பயந்து,Hate-Speech
வெற்று,Hate-Speech
பழி,Hate-Speech
இல்லா,Hate-Speech
அடிமைகள்,Hate-Speech
வேலி,Hate-Speech
வாசனை,Hate-Speech
தடையை,Hate-Speech
இயலாமை,Hate-Speech
error,Hate-Speech
குற்றவாளி,Hate-Speech
முறையற்ற,Hate-Speech
பணவீக்கம்,Hate-Speech
ஐயம்,Hate-Speech
அபாயகரமான,Hate-Speech
முரண்பாடான,Hate-Speech
குற்றச்சாட்டுகள்,Hate-Speech
எரிச்சல்,Hate-Speech
பகை,Hate-Speech
தீவிரம்,Hate-Speech
பலவீனமான,Hate-Speech
சாவு,Hate-Speech
குறைகள்,Hate-Speech
சீரற்ற,Hate-Speech
தாகம்,Hate-Speech
தற்காப்பு,Hate-Speech
தன்னிச்சையான,Hate-Speech
சிரமம்,Hate-Speech
குற்றச்சாட்டு,Hate-Speech
உடைந்த,Hate-Speech
அரிப்பு,Hate-Speech
தெளிவற்ற,Hate-Speech
தியாகம்,Hate-Speech
கொடுமை,Hate-Speech
வெறுப்பு,Hate-Speech
sin,Hate-Speech
விரும்பாத,Hate-Speech
பிளேயர்,Hate-Speech
பின்னோக்கி,Hate-Speech
நாள்பட்ட,Hate-Speech
தட்டி,Hate-Speech
சாதாரணமான,Hate-Speech
கண்ணி,Hate-Speech
முள்,Hate-Speech
சக்,Hate-Speech
நடுக்கம்,Hate-Speech
ஒப்பு,Hate-Speech
இரைச்சல்,Hate-Speech
அச்சுறுத்தல்,Hate-Speech
மலம்,Hate-Speech
பயங்கரமான,Hate-Speech
நிச்சயமற்ற,Hate-Speech
சிறைச்சாலை,Hate-Speech
குப்பை,Hate-Speech
கவர்ந்தது,Hate-Speech
வலியுறுத்தும்,Hate-Speech
வடிகட்டி,Hate-Speech
கத்தி,Hate-Speech
இழுவை,Hate-Speech
வெளிர்,Hate-Speech
கொடூரமான,Hate-Speech
ஈரமான,Hate-Speech
பிழைகளை,Hate-Speech
இழக்க,Hate-Speech
மிளகாய்,Hate-Speech
துறவு,Hate-Speech
துன்பங்கள்,Hate-Speech
சிக்கி,Hate-Speech
வெளிநாட்டில்,Hate-Speech
வறட்சி,Hate-Speech
வதந்திகள்,Hate-Speech
virus,Hate-Speech
பாவை,Hate-Speech
நீக்கல்,Hate-Speech
தீவிரவாதிகள்,Hate-Speech
பாலைவனம்,Hate-Speech
பசுமையான,Hate-Speech
சாபம்,Hate-Speech
அசுரன்,Hate-Speech
மீறல்,Hate-Speech
நறுமணம்,Hate-Speech
தவிர்க்கவும்,Hate-Speech
சலுகைகள்,Hate-Speech
வெற்றிலை,Hate-Speech
எதிர்மறையாக,Hate-Speech
பொய்யான,Hate-Speech
பாசிச,Hate-Speech
தொல்லை,Hate-Speech
திரிபு,Hate-Speech
தவிர்த்தல்,Hate-Speech
கட்சியினர்,Hate-Speech
வரம்புகள்,Hate-Speech
பிழையான,Hate-Speech
தாழ்வு,Hate-Speech
உள்ளாகி,Hate-Speech
விலகல்,Hate-Speech
வனம்,Hate-Speech
ராஜினாமா,Hate-Speech
நம்பிக்கைக்கு,Hate-Speech
சாயம்,Hate-Speech
இருள்,Hate-Speech
விமர்சித்தார்,Hate-Speech
வண்டு,Hate-Speech
மாட்டு,Hate-Speech
பயங்கரவாத,Hate-Speech
குறைபாடுகளை,Hate-Speech
குறுக்கீடு,Hate-Speech
வராத,Hate-Speech
சிதைந்த,Hate-Speech
ஒட்டுண்ணி,Hate-Speech
வாய்க்கால்,Hate-Speech
பட்டினி,Hate-Speech
திருப்பம்,Hate-Speech
இடைவெளிகள்,Hate-Speech
விரும்பத்தகாத,Hate-Speech
முரண்,Hate-Speech
மிதமிஞ்சிய,Hate-Speech
கையாளுதல்,Hate-Speech
கடன்களை,Hate-Speech
கசிவு,Hate-Speech
மடிப்பு,Hate-Speech
பகைமை,Hate-Speech
துரோகம்,Hate-Speech
சினம்,Hate-Speech
சளி,Hate-Speech
உறைவு,Hate-Speech
விஷம்,Hate-Speech
விசித்திரமான,Hate-Speech
கும்பல்,Hate-Speech
ஊடுருவும்,Hate-Speech
complex,Hate-Speech
மறியல்,Hate-Speech
பள்ளம்,Hate-Speech
தலையீடு,Hate-Speech
கற்பனையான,Hate-Speech
அதிகாரபூர்வமான,Hate-Speech
தொந்தரவு,Hate-Speech
செயலற்ற,Hate-Speech
சார்புடைய,Hate-Speech
இழப்பீடு,Hate-Speech
அதிருப்தி,Hate-Speech
மேகம்,Hate-Speech
பழமைவாத,Hate-Speech
தேவையில்லாத,Hate-Speech
தீங்கிழைக்கும்,Hate-Speech
கைவிடப்பட்ட,Hate-Speech
எதிர்ப்புகள்,Hate-Speech
பணவீக்க,Hate-Speech
ஆபாச,Hate-Speech
அமுக்கம்,Hate-Speech
வீண்,Hate-Speech
வலுக்கட்டாயமாக,Hate-Speech
முரண்பாடாக,Hate-Speech
பலவீனம்,Hate-Speech
குறைகளை,Hate-Speech
எலுமிச்சை,Hate-Speech
உராய்வு,Hate-Speech
வெடிப்புகள்,Hate-Speech
மர்மமான,Hate-Speech
தாமதமாக,Hate-Speech
தானியம்,Hate-Speech
கண்டிப்பான,Hate-Speech
உறைபனி,Hate-Speech
உயிரற்ற,Hate-Speech
வதந்தி,Hate-Speech
புரியாத,Hate-Speech
தவிரவும்,Hate-Speech
சித்ரா,Hate-Speech
குழப்பமான,Hate-Speech
குத்து,Hate-Speech
உதவிகரமாக,Hate-Speech
உடம்பு,Hate-Speech
இடம்பெயர்ந்த,Hate-Speech
வெளிப்படுத்தல்,Hate-Speech
புகார்கள்,Hate-Speech
நெருக்கம்,Hate-Speech
தேசியம்,Hate-Speech
தின்,Hate-Speech
சிதைந்து,Hate-Speech
சிதறல்,Hate-Speech
சர்வாதிகாரி,Hate-Speech
அடை,Hate-Speech
object,Hate-Speech
பொருத்தமற்ற,Hate-Speech
பெருகியது,Hate-Speech
தேக்கம்,Hate-Speech
உறைந்த,Hate-Speech
அமல்,Hate-Speech
மறுத்ததால்,Hate-Speech
பிச்சை,Hate-Speech
பயனற்ற,Hate-Speech
நோய்க்குறி,Hate-Speech
நிராகரிக்கப்பட்டது,Hate-Speech
குறைபாடுள்ள,Hate-Speech
ஓட்டு,Hate-Speech
வடிகால்,Hate-Speech
பின்னடைவு,Hate-Speech
பறிமுதல்,Hate-Speech
பசை,Hate-Speech
தூண்டில்,Hate-Speech
கிடங்கு,Hate-Speech
முரணான,Hate-Speech
மந்தமான,Hate-Speech
பிடிக்கவில்லை,Hate-Speech
பாதிக்கப்படுகிறது,Hate-Speech
அழுத்தங்கள்,Hate-Speech
விந்தை,Hate-Speech
வன்முறையில்,Hate-Speech
பாதுகாப்பற்ற,Hate-Speech
தவறுகளை,Hate-Speech
சாய்ந்த,Hate-Speech
குறுகலான,Hate-Speech
பாதகமான,Hate-Speech
தொங்கு,Hate-Speech
துயரம்,Hate-Speech
தயக்கம்,Hate-Speech
தந்திரம்,Hate-Speech
குளிர்ச்சியான,Hate-Speech
ஏமாற்றம்,Hate-Speech
மீறல்கள்,Hate-Speech
தனிமை,Hate-Speech
சுறா,Hate-Speech
problems,Hate-Speech
வெறி,Hate-Speech
விமர்சித்து,Hate-Speech
வறிய,Hate-Speech
முரண்பட்ட,Hate-Speech
தவறை,Hate-Speech
சம்பவத்தை,Hate-Speech
குவியல்,Hate-Speech
அடக்குமுறை,Hate-Speech
வெடிக்க,Hate-Speech
மங்கலான,Hate-Speech
பிசாசு,Hate-Speech
நிராகரித்து,Hate-Speech
ஏமாற்று,Hate-Speech
எச்சரிக்கையாக,Hate-Speech
இரங்கல்,Hate-Speech
இன்மை,Hate-Speech
ஆரவாரம்,Hate-Speech
அவதூறு,Hate-Speech
அனாதை,Hate-Speech
அடிமைத்தனம்,Hate-Speech
வேதனை,Hate-Speech
வேகமும்,Hate-Speech
வித்தியாசமாக,Hate-Speech
பாதிக்கப்பட்டவர்களுக்கு,Hate-Speech
பருத்த,Hate-Speech
சூழ்ச்சி,Hate-Speech
கழி,Hate-Speech
ஏழ்மையான,Hate-Speech
விறைப்பு,Hate-Speech
நாற்றம்,Hate-Speech
தீவிரவாதம்,Hate-Speech
கொடுமையான,Hate-Speech
அருமை,Hate-Speech
critical,Hate-Speech
மன்னிக்கவும்,Hate-Speech
பிணை,Hate-Speech
தூசு,Hate-Speech
ஒவ்வாத,Hate-Speech
வலிகள்,Hate-Speech
மூழ்கிய,Hate-Speech
மனச்சோர்வு,Hate-Speech
சும்மா,Hate-Speech
சர்வாதிகார,Hate-Speech
problem,Hate-Speech
வெளியாகிறது,Hate-Speech
பிரசாரம்,Hate-Speech
நீக்கு,Hate-Speech
தேவையில்லாமல்,Hate-Speech
தீமைகள்,Hate-Speech
குற்றச்சாட்டுக்கள்,Hate-Speech
ஏமாற்றி,Hate-Speech
இனவெறி,Hate-Speech
அறைகூவல்,Hate-Speech
விடு,Hate-Speech
மூடநம்பிக்கை,Hate-Speech
முறியடித்தது,Hate-Speech
பேராசை,Hate-Speech
பாதிக்கக்கூடிய,Hate-Speech
துவாரம்,Hate-Speech
சீர்குலைவு,Hate-Speech
சரணடைய,Hate-Speech
கூறியபடி,Hate-Speech
கரடுமுரடான,Hate-Speech
ஆற்ற,Hate-Speech
ஆர்ப்பாட்டம்,Hate-Speech
அழிவுகள்,Hate-Speech
issues,Hate-Speech
வேலையின்மை,Hate-Speech
விபத்துக்கள்,Hate-Speech
வரையறு,Hate-Speech
வடு,Hate-Speech
பதிலடி,Hate-Speech
சேதமடைந்த,Hate-Speech
சவாலான,Hate-Speech
கசப்பு,Hate-Speech
கசப்பான,Hate-Speech
ஏகாதிபத்திய,Hate-Speech
இறந்தது,Hate-Speech
வேறும்,Hate-Speech
வெறுத்து,Hate-Speech
வதை,Hate-Speech
பிறழ்வு,Hate-Speech
பின்வாங்க,Hate-Speech
பாரமான,Hate-Speech
பலபடித்தான,Hate-Speech
நாசம்,Hate-Speech
தீவிரத்தை,Hate-Speech
தீர்ந்து,Hate-Speech
சேற்று,Hate-Speech
சீற்றம்,Hate-Speech
ஆதரவற்ற,Hate-Speech
syndrome,Hate-Speech
bug,Hate-Speech
வெறுமையான,Hate-Speech
முட்டாள்,Hate-Speech
பித்து,Hate-Speech
இடைவிடாத,Hate-Speech
அச்சுறுத்தல்கள்,Hate-Speech
limit,Hate-Speech
விலக்கப்பட்ட,Hate-Speech
புறக்கணிப்பு,Hate-Speech
பிளவுபட்ட,Hate-Speech
நோய்க்கிருமி,Hate-Speech
நொண்டி,Hate-Speech
நெருக்கடியான,Hate-Speech
நஷ்டம்,Hate-Speech
நரகம்,Hate-Speech
துக்கம்,Hate-Speech
தடைசெய்யப்பட்ட,Hate-Speech
கைதி,Hate-Speech
disabled,Hate-Speech
death,Hate-Speech
தாக்கு,Hate-Speech
தலையிட,Hate-Speech
செதில்,Hate-Speech
சுருக்கங்கள்,Hate-Speech
குறிப்பிடப்படாத,Hate-Speech
குரல்வளை,Hate-Speech
ஏளனம்,Hate-Speech
உரத்த,Hate-Speech
அயராது,Hate-Speech
வேகப்பந்து,Hate-Speech
மட்டமான,Hate-Speech
நமைச்சல்,Hate-Speech
கீறல்,Hate-Speech
எரிப்பு,Hate-Speech
எச்சரித்தார்,Hate-Speech
இழிவான,Hate-Speech
hard,Hate-Speech
விரிசல்,Hate-Speech
பயங்கரவாதம்,Hate-Speech
துரதிர்ஷ்டவசமாக,Hate-Speech
தீவிரவாதி,Hate-Speech
தவறுதல்,Hate-Speech
தற்பெருமை,Hate-Speech
தடங்கல்,Hate-Speech
சுடு,Hate-Speech
சரிவில்,Hate-Speech
உறைய,Hate-Speech
உடைப்பு,Hate-Speech
அழுகை,Hate-Speech
அச்சுறுத்தும்,Hate-Speech
split,Hate-Speech
collapse,Hate-Speech
வியாதி,Hate-Speech
வலுவற்ற,Hate-Speech
முளை,Hate-Speech
மலிவாக,Hate-Speech
பேரழிவுகள்,Hate-Speech
பருமனான,Hate-Speech
பரத்தை,Hate-Speech
தண்டி,Hate-Speech
தடுக்கப்பட்ட,Hate-Speech
சொறி,Hate-Speech
சட்டரீதியாக,Hate-Speech
கொலையாளி,Hate-Speech
கொக்கி,Hate-Speech
கழிவுப்பொருள்,Hate-Speech
ஒழுங்கின்மை,Hate-Speech
ஏமாற்றும்,Hate-Speech
இடர்ப்பாடு,Hate-Speech
அழுகிய,Hate-Speech
அபாயங்கள்,Hate-Speech
அடங்காத,Hate-Speech
வளைவான,Hate-Speech
முரட்டு,Hate-Speech
மறுக்கிறது,Hate-Speech
மர்மம்,Hate-Speech
பேரிடர்,Hate-Speech
பேதம்,Hate-Speech
பேசாமல்,Hate-Speech
பிரச்சினைக்குரிய,Hate-Speech
திருடப்பட்ட,Hate-Speech
திடமாக,Hate-Speech
ஜாம்,Hate-Speech
சச்சரவு,Hate-Speech
களங்கம்,Hate-Speech
ஏக்கம்,Hate-Speech
எரித்தல்,Hate-Speech
அறியாமை,Hate-Speech
வெறுத்தார்,Hate-Speech
மிருகம்,Hate-Speech
பிடிவாதமாக,Hate-Speech
நரகத்தில்,Hate-Speech
தோஷம்,Hate-Speech
குழப்பங்களை,Hate-Speech
கவலைகள்,Hate-Speech
உறுதியற்ற,Hate-Speech
ஆழமற்ற,Hate-Speech
ஆதாரமற்ற,Hate-Speech
negative,Hate-Speech
முறிந்தது,Hate-Speech
மறுத்தல்,Hate-Speech
பைத்தியம்,Hate-Speech
பீதி,Hate-Speech
பாசாங்கு,Hate-Speech
பதட்டம்,Hate-Speech
நண்பரின்,Hate-Speech
தடுமாற்றம்,Hate-Speech
சுரண்டல்,Hate-Speech
கைப்பற்றுதல்,Hate-Speech
குறுகி,Hate-Speech
கிராக்,Hate-Speech
கறை,Hate-Speech
ஈடுபடுத்தி,Hate-Speech
அழுக்கு,Hate-Speech
அடக்கு,Hate-Speech
ax,Hate-Speech
விஷ,Hate-Speech
வறுத்த,Hate-Speech
முரட்டுத்தனமான,Hate-Speech
பொருத்தமில்லாத,Hate-Speech
புறக்கணிக்கப்பட்ட,Hate-Speech
பாதித்து,Hate-Speech
தண்டிக்க,Hate-Speech
தகாத,Hate-Speech
சாத்தியமற்றது,Hate-Speech
கவலைப்பட,Hate-Speech
உதிர்ந்த,Hate-Speech
அளவைவிட,Hate-Speech
அசைவற்ற,Hate-Speech
issue,Hate-Speech
die,Hate-Speech
வரையறுக்கப்படாத,Hate-Speech
லஞ்சம்,Hate-Speech
முழுமையற்ற,Hate-Speech
மிரட்டல்,Hate-Speech
மந்தம்,Hate-Speech
பிசைந்து,Hate-Speech
பயன்படுத்தப்படாமல்,Hate-Speech
திருகு,Hate-Speech
திட்டு,Hate-Speech
தடிப்பான,Hate-Speech
தங்கியிருந்தனர்,Hate-Speech
சாக்கடை,Hate-Speech
சந்தேக,Hate-Speech
கொடுக்கு,Hate-Speech
கற்பழிப்பு,Hate-Speech
அர்த்தமற்ற,Hate-Speech
மூர்க்கமான,Hate-Speech
முட்டாள்தனமான,Hate-Speech
முடக்க,Hate-Speech
பேரழிவை,Hate-Speech
புதிதான,Hate-Speech
பிளவுகள்,Hate-Speech
பாதிக்கப்படுகின்றனர்,Hate-Speech
பயத்தை,Hate-Speech
நிறைந்ததாகவும்,Hate-Speech
நம்பிக்கையற்ற,Hate-Speech
தழும்பு,Hate-Speech
தளர்ந்த,Hate-Speech
செயலற்று,Hate-Speech
எரிச்சலூட்டும்,Hate-Speech
இழுத்தல்,Hate-Speech
இயல்பற்ற,Hate-Speech
இன்னல்,Hate-Speech
இனவாதம்,Hate-Speech
ஆத்திரம்,Hate-Speech
அழுகல்,Hate-Speech
அதிர்ந்து,Hate-Speech
unknown,Hate-Speech
விறைப்பான,Hate-Speech
விரிவடைய,Hate-Speech
மென்மை,Hate-Speech
பின்தங்கி,Hate-Speech
பிடிவாதம்,Hate-Speech
பயந்த,Hate-Speech
நின்றுவிடும்,Hate-Speech
துரு,Hate-Speech
தயக்கத்துடன்,Hate-Speech
சுங்கம்,Hate-Speech
சரிந்தது,Hate-Speech
கோபமும்,Hate-Speech
கெடு,Hate-Speech
குரல்களை,Hate-Speech
ஏற்றத்தாழ்வு,Hate-Speech
உறிஞ்சு,Hate-Speech
இருட்டில்,Hate-Speech
ஆட்டு,Hate-Speech
fail,Hate-Speech
disorder,Hate-Speech
வறுமையான,Hate-Speech
வடியும்,Hate-Speech
மூச்சுத்திணறல்,Hate-Speech
பின்வாங்கியது,Hate-Speech
பற்றாக்குறையான,Hate-Speech
பறி,Hate-Speech
கேலிச்சித்திரம்,Hate-Speech
ஒற்றையான,Hate-Speech
ஒட்டுதல்,Hate-Speech
எரிச்சலை,Hate-Speech
இழத்தல்,Hate-Speech
இரக்கமற்ற,Hate-Speech
இயலாததாக,Hate-Speech
cancer,Hate-Speech
வெட்கம்,Hate-Speech
வில்லன்கள்,Hate-Speech
வன்முறையான,Hate-Speech
வடுக்கள்,Hate-Speech
வடிகட்டுதல்,Hate-Speech
பெருக்கத்தை,Hate-Speech
நெரிசலில்,Hate-Speech
நியாயமற்ற,Hate-Speech
தூபம்,Hate-Speech
துரோகி,Hate-Speech
துடி,Hate-Speech
தீங்கான,Hate-Speech
தகுதியற்ற,Hate-Speech
சிதைவை,Hate-Speech
குறும்பு,Hate-Speech
கண்ட்,Hate-Speech
ஓர,Hate-Speech
ஊனமுற்ற,Hate-Speech
அழ,Hate-Speech
அநீதி,Hate-Speech
அடிமையாகி,Hate-Speech
static,Hate-Speech
invalid,Hate-Speech
fall,Hate-Speech
ஸ்குவாஷ்,Hate-Speech
வீணான,Hate-Speech
விரக்தி,Hate-Speech
விசித்திர,Hate-Speech
முரண்பட்டு,Hate-Speech
முடக்கம்,Hate-Speech
மண்வெட்டி,Hate-Speech
போதாத,Hate-Speech
பாதிக்கப்படக்கூடிய,Hate-Speech
பரஸ்பரம்,Hate-Speech
துரதிருஷ்டவசமாக,Hate-Speech
துன்புறுத்தல்,Hate-Speech
துணிச்சல்,Hate-Speech
தரக்குறைவான,Hate-Speech
தனம்,Hate-Speech
சுங்கவரி,Hate-Speech
சரியில்லாத,Hate-Speech
சந்தர்ப்பவாத,Hate-Speech
சத்தமாக,Hate-Speech
குடித்துவிட்டு,Hate-Speech
கலக்கம்,Hate-Speech
ஒட்டக்கூடிய,Hate-Speech
ஒடுக்குமுறைக்கு,Hate-Speech
ஐயப்பாடு,Hate-Speech
உக்கிரமான,Hate-Speech
இழக்கிறது,Hate-Speech
அவித்த,Hate-Speech
அலட்சியம்,Hate-Speech
அமுக்கி,Hate-Speech
cold,Hate-Speech
வருத்தத்தை,Hate-Speech
மூடுபனி,Hate-Speech
முறைகேடான,Hate-Speech
மாண்ட,Hate-Speech
மருட்சி,Hate-Speech
புரிதலுக்கு,Hate-Speech
புராணக்கதை,Hate-Speech
பாரபட்சமற்ற,Hate-Speech
பாசிசம்,Hate-Speech
நேர்மையற்ற,Hate-Speech
துண்டிக்கப்பட்ட,Hate-Speech
தாமதங்கள்,Hate-Speech
தற்செயலாய்,Hate-Speech
சுருண்ட,Hate-Speech
சாத்தியமற்றதாக,Hate-Speech
சாட்டை,Hate-Speech
கோழை,Hate-Speech
கோபமான,Hate-Speech
காலாவதியான,Hate-Speech
காலதாமதம்,Hate-Speech
எரிக்க,Hate-Speech
ஊழ்வினை,Hate-Speech
உரக்க,Hate-Speech
இறப்பது,Hate-Speech
அற்பமான,Hate-Speech
அருவருப்பான,Hate-Speech
அந்நியன்,Hate-Speech
limited,Hate-Speech
மூர்க்கத்தனமான,Hate-Speech
பாதுகாப்பின்மை,Hate-Speech
நிறுத்தப்பட,Hate-Speech
நம்பிக்கையின்மை,Hate-Speech
துர்நாற்றம்,Hate-Speech
துருவல்,Hate-Speech
திகைத்து,Hate-Speech
தகர்வு,Hate-Speech
சிதை,Hate-Speech
சிக்கியது,Hate-Speech
சாய்வான,Hate-Speech
சந்தேகத்தை,Hate-Speech
கொழுத்த,Hate-Speech
கைப்பாவை,Hate-Speech
கூடாத,Hate-Speech
கீறல்கள்,Hate-Speech
கவிழ்த்து,Hate-Speech
கண்டனங்கள்,Hate-Speech
ஏமாற்றத்தை,Hate-Speech
ஏசு,Hate-Speech
உணர்வற்ற,Hate-Speech
உடையக்கூடிய,Hate-Speech
அடிப்படைவாதம்,Hate-Speech
noise,Hate-Speech
fiction,Hate-Speech
famine,Hate-Speech
dump,Hate-Speech
backward,Hate-Speech
வனவாசம்,Hate-Speech
பொருத்தமற்றது,Hate-Speech
பிளக்கும்,Hate-Speech
பாதிக்கப்பட்டவருக்கு,Hate-Speech
பயமுறுத்தும்,Hate-Speech
நிறுத்து,Hate-Speech
நிராகரிக்கிறது,Hate-Speech
தெளிவற்று,Hate-Speech
திருடர்களும்,Hate-Speech
திணறல்,Hate-Speech
தன்மையுடையவை,Hate-Speech
தனிமைப்படுத்தி,Hate-Speech
தடுக்கக்கூடிய,Hate-Speech
ட்ரான்ஸ்,Hate-Speech
டாஸ்மாக்,Hate-Speech
கொல்,Hate-Speech
காயம்பட்ட,Hate-Speech
ஆரோக்கியமற்ற,Hate-Speech
ஆத்திரமடைந்த,Hate-Speech
அவமானம்,Hate-Speech
அடிக்கப்பட்டு,Hate-Speech
அச்சுறுத்தி,Hate-Speech
undermine,Hate-Speech
tank,Hate-Speech
strike,Hate-Speech
infringement,Hate-Speech
disputed,Hate-Speech
difficult,Hate-Speech
dark,Hate-Speech
broken,Hate-Speech
bias,Hate-Speech
விமரிசகர்,Hate-Speech
வருத்தமும்,Hate-Speech
வடிகால்கள்,Hate-Speech
மூழ்கடித்தது,Hate-Speech
முறைகேடாக,Hate-Speech
மழுங்கிய,Hate-Speech
பிரளய,Hate-Speech
பறிக்கப்பட்ட,Hate-Speech
பகைவன்,Hate-Speech
தவறவிட்டார்,Hate-Speech
சுவையூட்டும்,Hate-Speech
சரியும்,Hate-Speech
சகதி,Hate-Speech
காலியான,Hate-Speech
காயமுற்ற,Hate-Speech
கதையாசிரியர்,Hate-Speech
உத்தேசமாக,Hate-Speech
இடைஞ்சல்,Hate-Speech
அவமதிப்பு,Hate-Speech
அவநம்பிக்கை,Hate-Speech
அறிவின்மை,Hate-Speech
அரைகுறையான,Hate-Speech
அமைதியற்ற,Hate-Speech
wrong,Hate-Speech
stress,Hate-Speech
loss,Hate-Speech
lack,Hate-Speech
illegal,Hate-Speech
fat,Hate-Speech
failure,Hate-Speech
conflict,Hate-Speech
bad,Hate-Speech
attack,Hate-Speech
வெறித்தனமான,Hate-Speech
விரோதம்,Hate-Speech
விரும்பப்படாத,Hate-Speech
முட்டாள்தனம்,Hate-Speech
முக்கியமற்ற,Hate-Speech
மறுத்தால்,Hate-Speech
மணமான,Hate-Speech
பிரமைகள்,Hate-Speech
பற்றாக்குறையாக,Hate-Speech
பகவானை,Hate-Speech
தெளிவின்மை,Hate-Speech
தீமைகளை,Hate-Speech
தாறுமாறான,Hate-Speech
தாறுமாறாக,Hate-Speech
தாமதப்படுத்தும்,Hate-Speech
தடிமனாக,Hate-Speech
சுவையற்ற,Hate-Speech
குழப்பநிலை,Hate-Speech
குண்டி,Hate-Speech
காட்டுமிராண்டி,Hate-Speech
உருவாக்கு,Hate-Speech
இறுக்க,Hate-Speech
அவசரம்,Hate-Speech
அட்டூழியங்கள்,Hate-Speech
அசுத்தமான,Hate-Speech
fever,Hate-Speech
errors,Hate-Speech
dumps,Hate-Speech
disable,Hate-Speech
விலக்கல்,Hate-Speech
வடிகட்டிய,Hate-Speech
மிருகத்தனமான,Hate-Speech
மிகப்பெருமளவில்,Hate-Speech
மட்டி,Hate-Speech
பொறுப்பற்ற,Hate-Speech
பித்தப்பை,Hate-Speech
நிராகரிக்க,Hate-Speech
துளையிடும்,Hate-Speech
திருப்பங்கள்,Hate-Speech
தந்திரமான,Hate-Speech
தடைபட்ட,Hate-Speech
சுமத்தும்,Hate-Speech
சீரழிவு,Hate-Speech
சீரழிந்து,Hate-Speech
சீரற்று,Hate-Speech
சாக்கு,Hate-Speech
சலிப்பு,Hate-Speech
சரணடைவு,Hate-Speech
கொந்தளிப்பான,Hate-Speech
காலாவதியாகும்,Hate-Speech
கலைப்பு,Hate-Speech
கசியும்,Hate-Speech
ஒடுக்கியது,Hate-Speech
ஏமாற்றுதல்,Hate-Speech
எதிர்ப்புக்கள்,Hate-Speech
ஊமை,Hate-Speech
இர,Hate-Speech
அழுக்கடைந்த,Hate-Speech
அழிவும்,Hate-Speech
அறு,Hate-Speech
அரிப்பை,Hate-Speech
ஃபிஸ்ட்,Hate-Speech
passive,Hate-Speech
lag,Hate-Speech
infection,Hate-Speech
fails,Hate-Speech
dispute,Hate-Speech
decay,Hate-Speech
cave,Hate-Speech
வெளிரிய,Hate-Speech
வெறுப்படைந்த,Hate-Speech
வீங்கிய,Hate-Speech
விழுந்துவிட்டது,Hate-Speech
விரட்டு,Hate-Speech
வலுக்குறைந்த,Hate-Speech
வஞ்சகம்,Hate-Speech
யுக்தி,Hate-Speech
முதிராத,Hate-Speech
முடங்கி,Hate-Speech
மீறுபவர்கள்,Hate-Speech
மனவேதனை,Hate-Speech
பொருநன்,Hate-Speech
பிரிக்கமுடியாத,Hate-Speech
பாழ்,Hate-Speech
பலவீனங்களை,Hate-Speech
நடுங்கும்,Hate-Speech
தீர்க்கப்படாத,Hate-Speech
திவாலான,Hate-Speech
திறமையற்ற,Hate-Speech
திருடுதல்,Hate-Speech
தடு,Hate-Speech
செலவான,Hate-Speech
செயலிழக்கும்,Hate-Speech
சிதைக்கப்பட்ட,Hate-Speech
சண்டைகளுக்கு,Hate-Speech
கோரமான,Hate-Speech
கூச்ச,Hate-Speech
கூக்குரல்,Hate-Speech
குழம்பிய,Hate-Speech
குறையுள்ள,Hate-Speech
களியாட்டம்,Hate-Speech
ஒழுங்கீனம்,Hate-Speech
ஒதுக்குதல்,Hate-Speech
ஏய்,Hate-Speech
எரித்தனர்,Hate-Speech
ஊழல்களை,Hate-Speech
உடல்நலக்குறைவு,Hate-Speech
உடந்தையாக,Hate-Speech
இடிந்த,Hate-Speech
ஆழமில்லாத,Hate-Speech
ஆப்பு,Hate-Speech
அறிவற்ற,Hate-Speech
அபாயமான,Hate-Speech
அதிர்ச்சியான,Hate-Speech
அதிர்ச்சிகரமான,Hate-Speech
அணியப்பட்ட,Hate-Speech
அடிமைப்படுத்தி,Hate-Speech
ஃபவுல்,Hate-Speech
resistance,Hate-Speech
pan,Hate-Speech
mistake,Hate-Speech
lemon,Hate-Speech
inflammatory,Hate-Speech
fatty,Hate-Speech
chronic,Hate-Speech
வேலையற்ற,Hate-Speech
வேறுபடுத்துதல்,Hate-Speech
வெறுக்கிறேன்,Hate-Speech
வாதிகளின்,Hate-Speech
வளையாத,Hate-Speech
வடிகட்டு,Hate-Speech
வஞ்சகமான,Hate-Speech
வசை,Hate-Speech
முறுக்கப்பட்ட,Hate-Speech
முரட்டுத்தனமாக,Hate-Speech
முடிக்கப்படாத,Hate-Speech
முக்கியமில்லாத,Hate-Speech
மிகைப்படுத்தல்,Hate-Speech
மறி,Hate-Speech
மதிப்பற்ற,Hate-Speech
போர்க்குணம்,Hate-Speech
பிரியாத,Hate-Speech
பாழி,Hate-Speech
பாகுபாடற்ற,Hate-Speech
பலவந்தமான,Hate-Speech
பரபரப்புடன்,Hate-Speech
பயமுறுத்தல்,Hate-Speech
படர்,Hate-Speech
பங்கி,Hate-Speech
நம்பாத,Hate-Speech
தலையிடுகிறது,Hate-Speech
தண்டவாளம்,Hate-Speech
தடையாகவும்,Hate-Speech
டிஸ்,Hate-Speech
சேல்,Hate-Speech
செயல்படாது,Hate-Speech
சுறாமீன்,Hate-Speech
சுயநலம்,Hate-Speech
சபித்தார்,Hate-Speech
குரூரமான,Hate-Speech
கஷ்டமான,Hate-Speech
கவனக்குறைவு,Hate-Speech
கண்மூடித்தனமான,Hate-Speech
கட்டுக்கடங்காத,Hate-Speech
ஓட்டைகள்,Hate-Speech
ஒடுக்கு,Hate-Speech
ஐயுறவு,Hate-Speech
ஊது,Hate-Speech
உணர்ச்சியற்ற,Hate-Speech
இழிந்த,Hate-Speech
இருட்டு,Hate-Speech
இக்குழுவை,Hate-Speech
அவமதித்து,Hate-Speech
அழுக்கான,Hate-Speech
அற்ப,Hate-Speech
அநீதிகளை,Hate-Speech
warning,Hate-Speech
restriction,Hate-Speech
lost,Hate-Speech
liability,Hate-Speech
invisible,Hate-Speech
impossible,Hate-Speech
err,Hate-Speech
doubt,Hate-Speech
died,Hate-Speech
depression,Hate-Speech
controversial,Hate-Speech
concerns,Hate-Speech
bomb,Hate-Speech
arbitrary,Hate-Speech
விளங்காத,Hate-Speech
விலகுதல்,Hate-Speech
விபச்சாரி,Hate-Speech
வன்மம்,Hate-Speech
மேம்போக்கான,Hate-Speech
முரட்டுத்தனம்,Hate-Speech
முரடான,Hate-Speech
மாயையை,Hate-Speech
புலனாகாத,Hate-Speech
புண்படுத்தும்,Hate-Speech
பிற்போக்கு,Hate-Speech
பிரபலமற்ற,Hate-Speech
பாஸ்டர்ட்ஸ்,Hate-Speech
பாரபட்சமான,Hate-Speech
பலவீனப்படுத்தி,Hate-Speech
பறித்தல்,Hate-Speech
பயமாக,Hate-Speech
பதற்றமான,Hate-Speech
பதட்டமான,Hate-Speech
